供应商ID,W001,W002,W003,W004,W005,W006,W007,W008,W009,W010,W011,W012,W013,W014,W015,W016,W017,W018,W019,W020,W021,W022,W023,W024
S001,0.3,0.2,0.5,4.4,0.3,0.3,0.2,0.4,0.5,1.1,0.9,0.4,4.4,4.7,0.7,0.5,0.4,0.3,0.4,0.6,0.5,0.4,0.2,0.5
S002,0.4,0.5,0.5,0.9,0.5,0.2,0.3,0.4,0.5,1.2,6.5,1.8,2.4,0.1,0.6,2.4,0.7,0.6,7.2,0.5,0.4,0.3,1.2,0.8
S003,4.8,3.6,0.2,0.2,0.5,0.3,3.4,35.6,147.2,182.3,171.0,89.4,27.1,65.0,129.3,121.3,97.5,63.4,63.7,32.5,50.9,38.8,40.3,59.6
S004,0.4,0.5,0.7,10.1,0.5,8.8,0.1,0.5,10.2,10.5,11.0,1.1,0.8,0.4,0.9,0.6,1.6,10.5,0.5,0.3,0.5,0.6,0.2,0.0
S005,16.0,19.0,19.1,21.0,23.2,25.0,21.0,20.1,22.0,23.1,26.0,37.0,38.1,40.0,32.0,36.0,33.0,36.0,28.7,27.0,32.1,32.1,23.3,23.0
S006,0.2,0.1,0.4,10.2,0.1,0.1,0.2,0.3,0.1,0.4,10.2,0.7,10.3,0.2,0.5,0.0,0.9,10.3,0.1,0.1,0.0,0.3,0.2,0.3
S007,19.8,132.0,59.0,118.0,22.0,18.0,15.8,15.0,12.0,15.0,33.0,12.0,16.0,16.0,14.0,15.0,17.0,14.0,14.0,14.0,16.0,13.0,16.0,35.0
S008,0.4,0.4,0.0,0.1,0.1,0.1,0.3,0.2,0.1,0.6,0.2,0.2,0.0,0.2,0.3,0.5,1.2,0.3,1.0,0.2,0.7,0.4,0.4,1.5
S009,0.4,0.2,0.2,0.6,0.4,0.3,0.3,30.1,0.1,0.5,0.5,1.6,0.3,0.6,0.4,0.3,0.7,0.4,32.4,0.2,0.2,0.3,0.1,0.4
S010,3.8,0.4,2.1,9.3,0.2,5.7,0.1,10.3,5.6,1.7,0.7,0.8,0.4,0.4,6.6,0.3,0.5,0.3,0.2,0.3,0.2,1.2,3.1,3.4
S011,0.1,0.0,0.1,0.1,0.1,0.1,0.0,0.0,0.0,0.3,2.4,1.1,1.0,0.0,0.6,0.3,1.0,0.2,0.3,0.0,0.2,0.4,0.1,0.0
S012,0.2,0.0,0.3,4.5,0.2,4.5,5.3,0.1,5.3,5.2,0.3,1.0,0.5,0.1,0.9,0.4,0.5,0.4,0.1,0.2,0.1,0.3,0.2,0.2
S013,0.1,0.1,0.1,0.0,0.2,0.0,0.0,0.0,0.0,1.4,0.4,0.3,0.1,0.2,0.6,0.1,0.2,0.1,0.1,0.0,0.2,0.1,0.0,0.1
S014,0.1,0.0,0.0,0.1,0.0,0.3,0.0,0.0,0.0,0.1,0.1,0.3,0.2,0.2,0.3,0.2,0.3,0.5,0.1,0.0,0.3,0.0,0.1,0.0
S015,0.1,410.2,0.2,0.0,0.2,0.2,0.0,0.2,342.2,0.7,0.5,0.2,800.2,400.2,0.2,0.2,0.1,0.4,421.1,0.1,0.4,0.4,410.1,0.2
S016,0.1,0.0,0.1,0.0,0.0,0.1,0.0,0.0,0.0,0.1,0.1,0.9,0.2,0.2,0.7,0.2,0.8,0.2,0.1,0.0,0.0,0.0,0.0,0.0
S017,0.6,0.1,0.9,1.2,0.4,0.1,0.5,0.2,0.3,1.6,0.2,0.9,0.0,0.4,2.4,0.7,0.4,0.2,2.2,0.0,0.2,1.1,2.5,2.3
S018,0.1,0.3,0.1,0.2,0.5,0.3,1.8,0.4,0.3,0.6,0.8,0.5,1.0,0.4,0.7,0.4,1.1,0.7,0.2,0.0,0.3,0.5,0.0,0.1
S019,0.0,0.1,0.1,0.4,0.2,5.0,4.3,0.1,0.4,0.6,1.0,5.5,2.1,0.2,0.9,0.4,0.5,4.8,0.2,0.1,0.0,0.3,0.1,0.4
S020,0.3,0.2,0.1,0.5,0.1,1.1,1.8,0.6,0.5,1.1,0.9,0.7,1.4,0.8,1.0,0.4,1.3,2.1,1.8,0.1,0.2,0.5,0.4,0.4
S021,0.1,0.1,0.1,0.1,0.0,0.0,0.1,0.4,0.0,0.7,0.5,0.5,0.8,0.7,1.0,0.3,0.9,0.4,24.6,0.3,0.5,0.3,0.0,0.0
S022,0.3,0.2,0.4,0.1,0.0,4.6,0.4,0.3,1.3,5.5,1.0,0.3,0.3,0.2,0.2,3.3,1.2,0.2,5.2,0.6,0.3,0.2,0.3,5.0
S023,3.3,0.2,3.5,35.8,3.1,11.1,4.1,69.1,37.4,7.2,54.8,49.1,51.6,2.2,81.8,10.1,16.2,49.6,58.2,1.4,82.8,37.7,40.7,35.6
S024,0.1,0.2,0.1,3.4,0.0,0.2,3.6,0.1,0.6,0.9,1.2,0.7,1.4,0.6,4.4,0.9,1.5,0.8,0.5,0.7,0.7,0.3,0.5,0.1
S025,1.8,0.2,3.3,0.2,2.8,0.1,1.6,0.0,2.3,0.6,2.1,0.9,1.6,0.2,2.3,0.9,2.8,0.2,1.6,0.2,2.2,0.1,2.7,0.2
S026,0.1,0.0,0.0,0.0,0.0,0.1,0.1,0.0,0.1,0.1,0.0,0.3,0.3,0.1,0.3,0.1,0.5,0.1,0.1,0.0,0.0,0.0,0.0,0.0
S027,0.1,0.0,0.2,0.0,0.0,0.1,0.0,0.0,0.0,0.3,1.2,1.1,1.2,0.5,0.9,0.5,1.1,0.2,0.1,0.1,0.2,0.3,0.0,0.2
S028,8.0,1.7,0.0,0.2,0.0,0.0,0.2,0.1,0.1,0.1,0.1,0.1,0.3,0.2,0.0,0.0,0.0,0.1,2.2,0.0,0.0,0.3,0.5,0.4
S029,0.2,0.6,0.4,0.3,0.4,0.5,0.1,0.4,40.2,0.3,0.7,0.8,0.8,0.7,1.0,0.6,2.1,45.6,0.4,0.3,0.3,0.2,0.2,0.5
S030,0.4,0.0,1.6,2.4,0.1,0.0,0.0,0.2,0.0,1.1,0.3,0.2,0.0,0.1,0.2,0.2,0.0,0.1,0.0,0.0,0.0,1.2,2.1,2.4
S031,144.4,149.0,170.0,167.0,195.0,202.0,164.0,168.0,175.0,178.0,153.0,153.0,175.0,177.0,181.0,171.0,175.0,168.0,156.0,162.0,145.0,176.0,170.0,181.0
S032,0.3,0.1,0.2,0.2,0.2,0.0,0.3,0.3,0.4,0.4,0.7,1.1,1.2,0.5,0.8,0.4,1.0,0.7,0.2,0.1,0.2,0.2,0.1,0.1
S033,0.0,0.0,0.1,0.0,0.0,0.0,0.0,0.0,0.1,0.2,0.1,0.2,0.5,0.1,0.3,0.1,0.6,0.3,0.1,0.0,0.0,0.1,0.0,0.0
S034,0.7,0.7,0.2,20.3,0.4,0.4,1.8,0.2,0.6,0.5,21.1,20.4,0.1,0.2,20.3,20.5,20.3,40.3,0.1,0.4,0.4,0.3,0.2,0.2
S035,0.0,0.6,8.8,0.5,0.2,0.2,2.2,0.5,0.6,0.3,0.1,0.7,0.2,0.8,0.4,0.5,0.8,0.7,0.3,0.2,0.6,0.2,0.5,2.7
S036,0.1,0.0,0.0,0.0,0.0,0.0,0.0,0.0,0.0,0.6,0.8,1.5,0.1,1.4,1.7,1.1,1.1,0.8,0.2,0.2,0.1,0.2,0.1,0.0
S037,0.3,0.1,0.0,0.2,0.0,0.0,0.3,0.3,1.3,281.8,487.1,777.3,457.5,754.5,1516.5,681.3,400.8,945.0,410.6,12.1,16.8,22.0,1.5,0.4
S038,0.3,0.2,0.3,0.4,0.2,0.4,0.1,0.1,0.1,1.1,0.9,0.2,0.2,0.1,0.8,0.3,1.2,0.6,0.4,0.4,0.3,0.4,0.2,0.2
S039,0.2,0.1,0.1,20.1,0.3,0.1,0.0,18.1,0.1,0.8,1.3,1.0,0.6,3.5,4.7,4.4,1.0,0.4,20.1,0.1,16.2,1.1,0.1,0.1
S040,334.0,122.0,122.0,385.0,131.0,129.0,140.0,111.0,139.0,135.0,100.0,102.0,109.0,107.0,108.0,109.0,107.0,102.0,99.0,95.0,88.0,104.0,141.0,117.0
S041,0.2,0.1,0.3,5.7,0.1,0.1,0.0,0.2,0.3,1.2,0.7,0.8,1.2,0.5,1.1,0.2,0.9,1.0,5.1,0.1,0.2,0.1,0.2,0.0
S042,5.9,0.0,1.1,2.4,0.2,0.2,4.6,0.0,0.1,1.0,0.6,0.5,0.1,0.2,0.4,0.2,0.1,0.1,0.1,0.1,0.1,1.3,2.4,8.5
S043,0.1,0.2,0.0,0.4,0.3,0.1,0.1,0.3,0.0,0.2,10.2,0.6,0.5,0.4,0.8,0.3,1.1,9.3,0.3,0.2,8.6,0.1,0.5,0.3
S044,0.0,0.0,0.1,0.0,0.2,0.0,0.0,0.0,0.3,0.2,0.3,0.5,0.0,0.0,0.0,0.2,0.2,0.0,0.0,0.2,0.1,0.2,0.1,0.1
S045,0.1,0.0,0.7,0.3,0.3,0.2,2.3,0.2,2.2,0.5,0.9,0.7,0.1,0.4,0.7,0.7,0.6,0.3,0.3,0.3,0.2,0.1,0.4,2.2
S046,0.7,0.8,1.1,0.9,0.9,1.2,0.9,0.8,0.6,1.0,1.2,0.5,1.2,0.5,1.2,0.5,1.1,1.5,0.7,1.2,0.9,1.5,0.7,0.6
S047,0.3,0.3,0.4,222.3,0.4,0.5,0.3,0.2,0.3,0.9,0.7,0.6,1.0,0.6,211.0,0.4,1.0,0.8,0.4,0.3,230.4,0.5,210.3,0.1
S048,0.1,0.0,0.0,0.2,0.0,0.2,1.7,0.0,0.1,0.9,0.7,0.5,1.0,0.3,0.7,0.4,1.2,0.4,0.1,0.3,0.1,0.2,0.2,0.0
S049,0.2,0.2,0.1,0.0,0.1,0.1,0.1,0.2,0.1,0.8,0.4,0.4,0.0,0.1,0.5,0.0,0.2,0.0,0.5,0.4,0.3,0.2,0.2,0.2
S050,0.1,0.0,0.0,0.0,0.1,0.2,0.0,0.0,0.0,0.3,0.4,0.5,0.5,0.4,1.0,0.1,0.9,0.3,0.1,0.0,0.1,0.1,0.0,0.0
S051,0.4,0.4,0.1,0.2,0.3,0.3,80.0,0.0,0.3,80.4,0.3,0.4,0.2,75.3,0.3,0.1,1.2,75.4,0.2,0.1,0.5,0.3,0.1,0.0
S052,0.1,0.2,0.0,0.1,0.0,0.2,0.0,0.2,0.1,0.6,0.4,0.4,0.5,0.5,0.6,0.0,0.9,0.2,0.2,0.0,0.4,0.4,0.2,0.1
S053,0.0,0.0,0.0,0.0,0.0,0.0,0.0,0.0,0.1,0.3,0.4,0.7,0.7,0.8,0.7,0.1,1.1,0.6,0.1,0.1,0.2,0.1,0.0,0.0
S054,1.2,0.2,1.6,8.1,0.1,0.1,0.2,0.1,0.7,2.9,2.1,2.6,1.5,1.3,3.0,2.7,2.3,2.4,5.5,0.7,0.9,2.4,3.5,3.9
S055,53.0,987.0,56.0,58.0,67.0,69.0,58.0,161.0,59.0,57.0,52.0,163.0,54.0,56.0,60.0,224.0,158.5,169.0,51.0,172.0,48.0,156.0,173.0,54.0
S056,0.3,0.2,0.1,0.1,0.1,0.0,0.1,0.3,0.0,0.2,0.2,0.8,0.6,0.4,0.2,0.1,0.9,0.2,0.3,0.0,0.1,0.1,0.1,0.1
S057,0.1,0.0,0.1,0.0,0.3,1.8,3.3,0.1,0.1,0.9,0.3,0.6,0.1,0.5,1.2,0.3,0.6,0.2,0.3,0.3,0.2,0.1,0.3,0.4
S058,0.2,0.5,0.2,0.2,0.4,0.4,0.1,0.4,0.3,0.6,0.2,0.8,0.6,0.2,0.6,0.1,0.7,0.4,27.4,0.3,0.2,0.3,0.4,0.2
S059,0.5,0.2,0.4,0.6,0.3,0.5,0.7,0.3,0.5,0.7,10.3,0.3,0.3,0.2,15.0,15.0,0.7,0.3,15.3,0.7,0.4,0.7,0.2,15.3
S060,0.1,0.0,0.0,0.0,0.3,0.0,0.0,0.0,0.1,0.0,0.0,0.0,0.0,0.0,0.1,0.0,0.0,7.4,0.2,0.2,0.1,0.0,0.2,0.2
S061,0.5,0.0,0.1,0.0,0.5,0.0,0.1,0.2,0.1,0.7,41.6,1.0,1.6,0.7,1.0,20.2,1.2,0.7,0.2,20.1,0.2,21.6,0.1,21.2
S062,0.1,0.1,0.0,0.0,0.1,0.0,0.0,0.0,0.0,3.0,0.9,2.0,0.0,0.2,0.5,0.1,0.0,0.0,0.1,0.0,0.2,0.1,0.2,0.0
S063,0.1,0.3,0.3,3.6,0.2,0.5,0.4,40.5,0.7,0.8,0.2,0.4,0.3,0.5,3.7,0.1,0.2,0.1,0.2,40.3,0.4,0.1,0.3,0.2
S064,2.5,0.0,2.6,310.0,3.2,0.1,1.9,0.0,2.7,610.6,1.7,0.4,2.3,300.0,2.8,0.4,3.0,0.2,2.4,0.1,1.7,0.0,2.2,0.1
S065,0.1,0.5,12.2,0.3,0.2,0.6,0.5,0.3,0.4,0.4,0.5,0.3,0.4,0.5,0.4,0.5,0.3,0.3,1.1,0.4,0.3,0.3,0.4,0.4
S066,1.8,0.1,2.6,0.0,3.1,0.1,2.8,0.2,1.7,0.3,2.0,0.8,42.3,0.3,2.2,0.8,2.8,0.2,2.1,23.0,1.0,0.3,3.2,0.4
S067,0.6,0.9,0.8,0.8,0.5,0.7,0.7,0.7,0.8,0.8,0.8,0.7,0.7,0.6,1.0,1.0,0.8,0.9,0.6,0.6,0.7,0.9,0.9,0.7
S068,0.1,0.3,0.4,4.4,0.1,0.3,0.0,0.4,0.2,0.5,4.1,1.6,0.1,0.2,4.6,0.7,0.5,0.5,0.4,0.3,4.4,4.1,0.3,0.3
S069,0.6,0.1,0.3,0.1,0.3,0.2,0.5,0.2,0.6,1.0,10.6,1.6,2.0,6.0,2.0,1.6,2.2,0.4,5.6,0.2,0.3,0.2,0.6,0.1
S070,0.0,0.0,0.0,0.0,0.0,0.1,0.0,0.0,0.3,0.8,0.7,0.2,0.0,5.2,0.4,0.1,0.4,0.3,0.0,0.2,0.0,0.3,0.1,0.2
S071,0.1,0.2,20.8,0.4,0.3,0.2,0.2,0.2,0.3,0.3,3.2,0.3,0.1,0.4,3.2,0.3,0.1,0.3,0.2,0.3,0.5,0.3,0.2,0.4
S072,0.6,0.0,0.1,0.0,0.1,0.0,0.2,0.1,0.1,0.2,0.2,0.6,0.1,5.4,0.5,0.2,0.9,0.5,0.1,0.3,0.2,0.0,0.1,0.0
S073,0.1,0.0,0.0,0.1,0.0,0.1,0.0,0.1,0.0,0.2,0.4,0.1,0.0,0.0,0.7,0.1,0.4,0.2,0.1,0.1,0.1,0.0,0.2,0.1
S074,96.4,59.1,88.3,160.1,88.7,71.2,183.2,58.0,188.2,218.7,129.0,14.9,113.6,225.1,15.8,332.2,28.7,35.0,384.5,204.3,233.3,90.2,147.3,98.0
S075,2.8,0.1,2.7,0.0,2.7,0.1,1.7,0.1,2.2,0.7,5.1,0.5,2.5,0.0,2.7,0.6,2.3,0.3,1.8,0.1,1.8,0.0,1.8,0.3
S076,1.4,0.9,1.1,0.9,1.0,1.6,1.2,0.8,1.3,1.0,1.9,0.9,1.1,1.6,1.4,1.4,1.2,1.0,1.2,1.0,0.8,1.1,0.9,0.9
S077,0.4,0.3,0.3,0.4,0.3,0.0,0.2,0.1,5.1,0.1,5.2,0.5,3.3,5.6,0.1,0.1,0.2,3.4,0.2,0.1,0.1,0.2,0.2,0.2
S078,0.0,0.1,6.0,0.0,0.1,22.1,30.0,135.0,152.0,86.0,22.4,80.2,48.1,55.9,49.0,21.0,70.0,39.0,75.1,35.7,10.0,24.0,12.0,40.0
S079,0.2,0.1,0.1,0.1,0.3,0.3,5.0,0.2,0.3,0.8,5.7,0.4,1.0,5.5,0.5,4.5,0.9,0.6,0.1,0.0,0.0,0.1,0.1,0.3
S080,142.0,22.0,148.0,22.0,161.0,29.0,120.0,22.0,131.0,23.0,103.0,24.0,125.0,28.0,139.0,27.0,135.0,24.0,128.0,39.0,122.0,23.0,125.0,26.0
S081,0.1,0.1,0.1,0.0,0.2,0.0,0.0,0.0,0.0,0.3,0.5,0.0,0.2,0.1,1.3,0.2,0.2,0.1,0.1,0.7,0.2,0.2,0.0,0.2
S082,0.3,0.1,0.0,0.2,0.4,0.2,0.2,0.1,0.2,0.4,0.5,0.5,0.5,0.8,0.5,0.8,0.7,1.4,0.2,0.4,0.4,0.3,0.4,0.5
S083,0.0,0.0,0.0,0.0,0.0,0.3,75.1,0.2,0.1,0.4,71.1,0.4,0.2,0.2,0.7,0.1,0.7,0.2,0.1,0.2,70.0,0.0,0.0,0.0
S084,0.8,0.1,0.1,2.8,0.2,0.4,0.1,0.2,0.9,2.0,4.4,0.9,0.5,4.2,4.1,0.7,1.0,0.4,0.1,30.4,0.0,0.4,0.1,0.2
S085,0.8,0.2,0.1,0.1,0.1,0.1,0.1,0.5,0.3,0.5,0.4,0.3,0.2,2.3,0.8,0.4,1.1,0.3,0.3,0.3,0.3,0.3,0.0,0.2
S086,742.2,0.0,993.0,119.1,0.1,7.6,3.2,126.2,125.4,102.1,122.3,103.1,113.6,3.6,3.2,114.4,2.9,3.9,3.2,112.5,102.5,102.4,3.3,3.7
S087,0.2,0.1,0.0,0.1,0.0,0.3,0.0,0.1,0.1,0.6,0.6,0.6,0.3,2.6,0.5,0.3,1.5,0.2,0.1,0.0,0.4,0.0,0.0,0.0
S088,2.2,0.1,1.8,6.3,2.5,0.1,2.2,0.5,2.2,0.8,2.7,0.5,3.0,6.5,4.1,0.4,2.7,1.1,7.3,0.2,1.5,0.3,2.2,6.2
S089,0.6,0.0,1.4,1.2,0.2,4.2,5.1,0.2,0.2,1.2,4.7,0.4,0.1,0.0,0.2,0.1,0.0,0.3,0.2,0.0,0.1,1.3,1.5,2.3
S090,0.3,0.1,1.3,1.4,0.2,0.1,0.1,0.2,0.2,1.2,12.2,0.6,0.2,0.2,0.3,0.2,0.1,0.1,0.0,0.1,0.1,0.9,2.3,2.1
S091,0.2,0.1,0.2,4.5,0.2,0.0,0.1,0.1,0.2,0.4,0.8,0.5,1.0,0.5,0.7,0.1,1.5,0.6,0.1,0.2,0.3,0.1,0.1,0.1
S092,1.9,0.3,2.4,0.0,3.2,0.2,2.2,0.0,1.9,0.3,2.0,0.2,2.2,0.2,2.8,1.0,2.6,0.2,2.1,0.0,2.9,0.0,3.6,0.0
S093,0.7,0.2,0.0,0.2,0.2,0.1,30.3,30.1,30.1,0.6,0.4,0.8,0.4,0.4,0.1,0.6,0.2,0.3,0.3,24.0,0.1,0.2,0.4,0.7
S094,0.1,0.1,0.2,0.1,0.3,0.2,18.1,0.1,0.3,0.7,0.4,0.3,0.3,0.5,0.4,0.3,0.1,0.4,0.1,0.1,0.1,0.5,0.1,0.5
S095,0.3,0.1,0.1,2.7,0.4,0.1,0.1,0.4,0.1,0.3,0.5,1.4,0.4,0.3,0.6,0.7,0.4,0.3,0.3,0.2,0.3,0.4,0.2,0.3
S096,1.0,0.0,0.0,541.1,0.0,0.0,271.0,0.1,0.0,270.5,0.9,0.9,1.1,0.3,0.7,0.2,1.0,200.5,0.2,0.2,0.4,270.1,0.2,270.2
S097,0.2,150.0,0.2,21.3,0.2,0.1,0.1,0.1,0.2,200.3,20.8,201.0,1.0,44.4,222.3,0.1,188.8,180.6,0.2,160.0,180.3,0.3,0.3,15.2
S098,1.1,1.1,1.3,1.3,1.3,2.0,1.0,0.6,2.8,0.8,1.6,1.9,1.3,2.2,1.2,1.0,1.7,1.0,0.9,1.1,2.7,1.2,0.8,1.4
S099,0.1,0.0,0.1,0.1,0.0,0.1,0.0,0.0,0.2,0.6,0.5,0.3,65.6,0.8,0.5,0.3,0.8,70.3,0.2,0.2,0.2,0.2,0.0,0.2
S100,0.4,0.3,0.5,0.3,0.1,0.2,40.0,0.4,0.6,0.5,43.1,2.2,45.2,0.3,1.2,8.6,1.0,0.6,0.1,0.4,0.2,0.4,0.1,0.3
S101,1.3,0.1,0.0,0.2,0.2,0.0,0.1,0.0,0.1,0.5,1.0,0.8,1.1,25.4,20.5,0.6,0.8,24.4,0.3,0.1,0.6,0.4,0.3,0.2
S102,0.1,0.0,0.1,0.1,0.0,0.0,10.1,0.0,0.5,1.0,11.4,1.1,1.6,0.7,10.6,10.9,1.4,0.9,0.2,10.1,0.6,0.1,0.3,0.1
S103,0.0,0.1,0.4,0.0,0.0,0.2,62.5,0.3,0.2,60.0,0.3,0.3,0.2,1.6,60.2,0.3,0.8,1.3,61.8,0.3,0.5,0.3,0.4,1.1
S104,9.6,2.3,0.2,5.2,0.5,0.1,0.5,0.2,0.0,0.2,5.3,0.2,0.0,5.1,5.1,0.0,0.5,0.4,0.2,0.2,0.2,5.2,5.1,0.2
S105,0.0,0.4,0.0,0.1,0.1,0.2,0.3,0.0,0.4,1.0,0.8,1.2,1.1,0.5,4.9,0.5,1.7,0.1,4.2,0.1,0.0,0.0,0.0,0.1
S106,0.0,0.0,0.0,0.0,0.0,0.0,0.0,0.1,0.0,0.5,0.7,0.5,0.6,0.3,1.0,0.4,1.0,0.6,0.2,0.0,0.0,0.2,0.0,0.0
S107,0.9,0.1,0.1,0.0,0.1,0.1,0.4,0.1,0.0,50.5,40.3,0.5,1.2,0.6,0.8,0.4,1.1,0.6,50.2,0.2,0.2,0.5,0.1,0.1
S108,715.0,6789.0,864.0,1964.0,864.0,809.0,739.0,687.0,1491.5,755.0,741.0,689.0,772.0,750.0,845.0,792.0,805.0,707.0,729.0,661.0,683.0,664.0,754.0,1875.0
S109,0.2,0.2,0.2,3.6,0.3,0.3,0.3,0.0,0.1,0.2,0.2,0.4,0.6,0.4,0.9,0.2,0.7,0.3,0.2,0.1,0.1,0.2,0.2,3.1
S110,2.1,0.1,3.3,2.8,2.8,0.2,2.3,0.2,2.5,1.0,2.4,0.5,3.3,0.1,3.9,0.9,3.1,0.4,2.8,0.6,2.2,0.2,2.4,2.3
S111,0.1,0.2,0.1,0.0,0.1,0.1,0.0,50.1,0.2,0.3,0.1,0.5,50.2,1.8,0.4,0.2,0.6,0.4,0.1,0.1,0.1,0.1,0.1,0.1
S112,0.0,0.0,0.0,6.8,0.0,0.0,0.0,0.2,0.1,0.2,6.1,0.0,0.0,3.0,2.0,0.0,0.1,0.2,0.0,0.0,0.0,0.1,0.0,0.1
S113,1.4,0.2,1.2,0.1,2.3,0.2,2.2,0.1,2.2,0.1,2.7,0.6,3.5,0.1,4.7,0.8,2.1,0.1,1.9,0.2,1.8,0.1,2.4,0.1
S114,490.0,0.3,3.4,526.0,4.3,5.4,6.2,5.9,8.4,3.3,71.8,3.5,6.0,3.5,5.5,137.7,6.9,3.2,75.7,74.9,5.3,2.4,5.5,3.2
S115,2.6,0.4,2.8,9.0,3.3,0.0,2.4,0.1,2.7,0.3,20.1,0.4,2.9,0.0,21.8,0.9,3.3,0.1,2.0,0.1,1.5,0.2,2.0,0.2
S116,0.0,0.0,0.2,0.0,0.0,0.0,1.5,0.0,0.1,0.5,1.3,0.8,1.5,0.3,0.8,0.3,0.7,0.3,0.1,0.1,0.0,0.2,0.0,0.0
S117,0.4,0.2,6.8,50.6,0.3,0.1,55.2,0.6,0.7,0.7,0.4,0.6,0.7,0.5,0.3,0.3,0.5,0.3,101.3,0.1,55.4,0.4,55.3,0.4
S118,0.1,0.0,0.2,0.1,0.1,0.6,0.1,0.0,0.6,20.3,21.6,0.4,0.9,0.3,21.1,20.5,21.3,38.3,40.2,0.3,0.4,0.2,0.1,0.1
S119,0.4,0.2,0.5,0.3,0.3,0.1,0.0,0.1,0.1,0.5,0.3,0.1,0.3,3.1,0.0,0.4,0.3,1.1,0.1,0.0,0.2,0.0,0.3,0.1
S120,0.1,0.0,0.1,0.1,0.0,0.1,0.2,0.1,0.0,0.2,0.1,0.5,0.4,0.3,0.5,0.1,0.6,0.7,0.2,0.0,0.0,0.1,0.0,0.0
S121,0.6,0.0,1.4,1.2,0.6,1.8,3.1,0.3,0.3,1.0,0.3,0.7,0.1,0.0,0.3,0.3,0.1,0.3,0.1,0.0,0.2,1.2,2.3,2.2
S122,0.0,0.0,0.1,0.2,0.0,0.0,0.0,0.0,0.1,1.1,0.3,0.6,0.7,0.2,0.6,0.6,0.7,0.7,0.3,0.1,0.2,0.1,0.1,0.2
S123,20.1,21.0,24.0,24.0,27.0,31.0,26.0,23.0,23.0,25.0,21.0,35.0,21.0,23.0,30.0,30.0,32.0,23.0,26.0,20.0,18.9,30.0,32.0,25.0
S124,0.0,0.0,0.1,0.0,0.1,0.0,0.1,0.0,0.0,0.2,0.3,0.4,0.5,2.1,0.6,0.2,1.0,0.2,0.1,0.0,0.0,0.1,0.3,0.0
S125,0.5,0.1,0.3,5.2,0.1,0.0,10.0,0.3,0.2,0.2,0.7,1.2,0.9,0.4,0.3,0.1,1.1,0.5,0.7,0.1,0.3,0.1,0.1,0.1
S126,1.0,0.1,0.0,0.0,0.1,0.0,2503.0,1403.0,0.0,177.4,132.0,1552.1,254.7,125.0,166.4,280.6,1749.0,228.7,375.0,1206.0,1520.3,1398.4,155.0,0.7
S127,0.5,0.2,1.6,2.4,0.1,0.2,0.0,0.1,0.3,1.3,0.8,0.9,0.6,0.2,0.2,0.4,0.2,0.2,32.2,0.1,0.1,1.2,2.3,2.5
S128,0.1,0.0,0.3,0.2,0.1,0.0,0.1,0.0,0.1,0.5,0.9,1.9,1.4,0.9,1.7,1.1,1.2,0.4,0.0,0.4,0.9,0.2,0.1,0.1
S129,81.0,27.0,0.4,0.0,1.4,4.9,1.3,3.1,2.7,11.5,1.7,1.9,2.0,24.2,11.3,17.1,17.2,11.9,10.8,1.9,2.0,2.6,1.3,1.4
S130,0.4,0.6,0.3,3.3,0.5,0.2,4.2,0.4,0.4,0.6,4.3,4.1,1.2,4.8,5.1,0.1,1.2,0.5,0.3,0.3,0.4,0.4,0.3,0.2
S131,441.1,549.0,597.0,656.0,691.0,690.0,634.0,575.0,633.0,611.0,500.0,567.0,606.0,658.0,589.0,554.0,631.0,561.0,561.0,567.0,460.0,508.0,512.0,587.0
S132,0.0,0.3,0.1,0.0,0.1,0.1,0.0,0.1,0.1,0.6,0.9,0.5,0.5,0.3,0.7,0.4,1.2,0.3,0.2,0.2,0.2,0.4,0.1,0.2
S133,0.0,0.1,0.0,0.0,0.0,0.1,0.0,0.0,0.0,0.9,0.6,0.8,0.9,0.1,0.8,0.2,0.9,0.4,0.0,0.0,0.1,0.2,0.0,0.0
S134,0.2,0.0,0.2,0.0,0.1,0.2,0.1,0.4,43.5,1.1,0.8,0.5,0.2,0.2,0.6,0.4,0.8,0.3,0.2,0.1,0.2,0.5,0.4,0.5
S135,0.0,4.0,0.0,0.1,0.0,0.0,0.2,0.0,0.1,0.1,1.4,0.0,0.1,0.1,0.1,0.3,0.0,1.1,0.1,0.0,0.0,0.0,0.4,0.0
S136,0.3,0.1,0.3,0.0,0.0,0.1,0.1,0.3,0.2,0.3,0.5,0.1,0.0,0.0,1.3,40.5,40.2,0.2,0.2,0.3,0.1,0.2,0.2,0.2
S137,0.2,0.2,0.3,6.3,0.2,0.2,0.1,118.1,0.2,1.0,5.3,5.3,77.8,0.1,75.8,1.1,0.7,5.7,78.4,78.3,0.3,0.4,80.2,0.5
S138,2.1,0.5,2.9,0.3,3.3,0.1,88.5,0.4,2.9,0.5,1.9,0.5,82.2,0.6,3.7,0.6,2.8,67.4,2.0,0.9,1.9,0.3,2.0,0.3
S139,7904.0,0.1,7006.0,762.2,3.3,17.0,14.9,14.9,820.0,8.3,10.6,7.3,12.7,8.4,14.8,7.2,13.0,1016.5,13.0,86.1,9.0,7.3,11.8,6.4
S140,12799.9,0.0,3.1,0.1,17301.0,6.4,6.7,2103.7,3807.3,2002.0,2005.5,2.4,2005.3,3.5,1006.8,2003.9,7.4,2.7,6.1,2002.7,1023.8,2.7,5.2,2.1
S141,2.7,0.1,2.5,0.2,2.5,0.2,2.6,0.1,1.8,0.6,3.5,0.1,2.4,0.8,3.0,0.0,3.2,0.3,3.1,0.1,2.0,0.1,2.3,0.0
S142,0.0,0.2,0.0,0.0,0.2,0.0,4.0,0.3,0.3,0.3,5.1,7.2,0.1,0.0,0.1,2.0,1.1,0.3,0.1,0.4,1.1,0.5,0.3,0.2
S143,281.0,350.0,302.0,339.0,293.0,408.0,292.0,420.0,311.0,368.0,285.0,363.0,336.0,408.0,337.0,324.0,516.0,328.0,370.0,546.0,872.0,332.0,710.0,366.0
S144,0.1,0.0,0.1,0.1,0.1,0.1,0.1,0.0,0.2,0.0,0.0,0.1,0.1,2.0,0.2,2.1,0.6,0.1,0.0,0.0,0.0,0.1,0.1,0.1
S145,0.3,0.1,0.1,0.3,0.2,0.2,70.1,0.1,0.2,60.5,0.6,0.8,1.2,0.4,0.9,50.2,1.4,0.6,0.6,0.2,65.5,0.1,0.5,0.2
S146,1.4,1.0,0.9,0.6,1.0,6.3,18.1,1.3,0.6,0.9,14.1,0.7,1.2,1.1,7.2,13.1,1.8,1.5,0.8,1.2,1.3,1.3,1.0,1.2
S147,0.0,0.2,0.1,0.1,0.0,0.0,0.0,0.0,0.0,6.1,3.0,0.1,0.3,0.1,0.1,0.1,0.0,0.1,0.3,0.0,5.0,0.0,0.1,0.1
S148,0.1,0.2,0.4,12.9,0.1,0.3,0.0,0.4,0.5,1.7,15.5,10.2,0.4,10.5,0.6,10.4,0.8,13.0,10.4,0.8,0.3,12.6,0.2,0.5
S149,0.2,0.8,0.0,0.2,0.0,0.0,0.0,0.1,0.5,0.2,0.9,0.3,0.4,1.2,1.6,1.2,2.7,2.2,1.1,1.6,3.2,1.7,0.3,0.1
S150,4.3,6.1,3.2,4.7,3.8,60.7,53.6,5.1,54.6,5.2,5.3,109.2,5.4,104.1,3.8,5.5,5.0,2.9,4.4,4.9,3.9,28.8,60.1,4.2
S151,592.0,509.0,638.0,572.0,745.0,672.0,619.0,1202.0,643.0,2544.0,2405.0,2657.0,1340.0,602.0,838.0,2747.0,681.0,572.0,638.0,2606.0,572.0,550.0,1097.0,610.0
S152,3.4,0.2,3.0,0.2,2.8,0.2,2.3,0.0,2.6,0.3,2.7,0.4,2.6,0.0,3.8,1.3,2.9,0.3,2.1,0.1,1.6,0.1,2.9,0.3
S153,0.2,13.3,0.1,39.2,0.2,0.0,41.0,25.2,0.0,0.4,30.4,0.2,25.2,0.3,0.1,35.3,0.2,0.6,30.4,0.1,23.3,0.1,0.0,0.3
S154,47.2,3.3,3.2,56.1,2.4,4.1,62.2,12.3,67.4,19.5,24.0,32.3,27.1,79.0,30.1,33.0,45.1,49.1,62.0,96.2,100.3,93.1,48.9,24.5
S155,0.1,0.1,0.1,5.2,0.5,0.2,0.2,0.0,1.1,0.3,0.1,5.2,10.2,0.2,5.9,0.4,5.6,5.5,0.1,0.1,0.0,0.0,0.2,0.1
S156,0.3,0.1,0.0,0.2,0.3,0.1,20.0,0.1,0.0,0.1,0.1,0.5,0.2,0.5,0.8,0.7,0.6,0.7,0.1,0.0,0.1,0.2,0.0,0.2
S157,2.3,300.2,1.9,310.1,2.6,0.0,2.2,313.0,1.8,300.3,1.7,0.4,302.9,275.1,3.8,300.1,303.8,0.2,301.6,300.1,2.0,300.1,2.2,0.0
S158,0.1,0.2,0.0,0.1,0.0,0.1,300.1,0.1,140.1,150.2,0.2,0.5,0.4,0.1,140.3,0.3,141.1,0.3,140.2,0.0,0.3,0.5,0.2,0.1
S159,0.2,0.1,0.2,0.4,0.2,0.2,3.2,0.2,0.4,0.8,0.9,1.2,1.4,1.2,6.1,4.4,1.4,0.8,0.3,0.4,0.6,0.3,0.2,0.2
S160,0.2,300.4,0.1,300.1,0.1,0.1,0.2,500.0,0.1,1.6,500.8,500.3,0.0,455.4,0.4,400.3,1355.0,400.2,400.1,400.4,0.2,350.4,0.1,402.3
S161,0.2,150.2,0.2,150.1,0.3,0.3,150.0,0.1,150.0,1.2,0.6,150.3,150.1,273.4,305.6,150.4,150.4,125.5,0.1,0.3,280.1,0.1,155.2,150.3
S162,0.1,0.2,0.3,9.9,0.5,0.6,0.4,10.2,0.3,10.3,10.4,0.3,10.2,20.5,0.7,0.1,11.4,0.6,0.4,5.2,5.2,0.3,0.5,0.4
S163,1.5,1.1,0.0,0.1,0.5,0.3,0.3,0.0,0.1,10.7,25.3,1.1,0.6,0.3,0.9,13.3,0.7,0.7,0.1,4.3,2.3,12.2,2.1,3.0
S164,0.3,0.5,0.1,0.2,0.3,0.1,0.3,0.1,0.5,0.7,12.9,10.6,1.0,12.2,0.8,0.2,12.4,11.4,10.2,0.2,0.5,0.3,0.2,12.4
S165,0.4,0.3,0.1,0.3,0.5,0.5,10.0,0.6,0.5,8.6,0.5,1.1,10.6,0.2,0.8,0.4,0.4,10.7,0.2,0.2,8.1,10.5,0.2,0.4
S166,0.4,0.0,0.2,0.1,0.4,0.0,0.1,0.5,0.4,0.1,0.3,0.3,0.2,0.0,0.4,0.3,1.0,0.4,8.8,0.0,0.2,0.2,0.0,0.1
S167,0.2,0.0,1.7,1.3,0.2,0.4,0.0,0.2,3.1,1.2,0.9,0.6,0.3,3.2,0.3,0.4,0.2,0.3,0.3,0.4,0.1,1.4,3.6,2.2
S168,0.5,0.4,0.3,0.2,0.3,0.0,0.1,37.7,0.2,0.5,0.0,0.5,0.4,0.2,0.5,0.3,1.0,34.4,0.3,0.0,40.2,0.3,40.2,0.2
S169,1.9,0.0,1.9,0.1,2.5,0.0,1.4,0.0,2.4,0.3,2.4,0.4,1.2,0.2,3.4,0.3,2.6,0.1,1.7,0.2,1.8,0.0,1.9,0.0
S170,0.2,0.0,1.4,3.3,0.0,0.3,0.1,0.2,0.0,0.8,10.4,0.4,0.1,0.1,0.1,0.4,0.0,10.1,0.1,0.1,0.0,1.1,2.5,2.1
S171,0.7,0.3,0.3,0.2,0.1,0.1,0.0,0.2,0.2,0.6,0.7,0.6,1.2,0.8,0.8,0.5,1.0,0.4,0.2,0.4,0.2,0.4,0.0,0.1
S172,2.7,0.0,2.3,0.1,3.0,0.0,1.5,0.1,1.7,0.5,2.5,0.4,2.2,0.0,2.2,0.6,3.1,0.4,1.3,0.4,1.5,0.4,2.1,0.1
S173,0.1,0.2,0.2,26.6,0.1,0.0,0.0,0.1,0.6,10.6,1.2,0.7,0.2,25.0,1.2,50.1,0.1,20.3,25.5,20.1,0.1,0.0,0.5,0.5
S174,1.6,0.1,1.9,0.1,2.6,0.0,1.9,0.0,1.3,0.1,1.5,0.6,1.8,0.0,2.6,0.4,2.1,0.2,2.2,0.0,2.0,0.0,2.3,0.0
S175,1.0,0.2,1.9,0.2,2.4,0.1,1.5,0.1,1.9,0.3,1.3,0.4,2.6,0.4,2.3,0.6,3.1,0.6,2.4,0.3,2.0,0.1,1.1,0.4
S176,0.1,0.7,0.7,0.4,0.5,0.2,0.8,0.7,0.3,0.2,10.4,0.0,10.3,10.2,0.5,0.4,0.2,0.6,0.3,0.4,0.4,0.1,0.3,0.2
S177,0.3,0.4,0.3,0.3,0.3,0.1,0.1,0.3,0.3,0.6,5.5,0.7,1.4,0.3,0.3,0.2,0.8,0.7,0.2,0.4,0.3,0.3,0.1,0.3
S178,0.0,0.0,0.0,0.0,0.0,0.0,0.0,0.0,0.3,0.7,0.8,0.3,0.0,0.3,1.6,1.3,1.5,2.4,0.0,0.9,1.0,0.3,0.7,0.1
S179,0.6,0.3,0.1,6.6,0.6,0.3,16.1,10.1,0.2,0.1,0.3,0.6,0.4,13.1,0.3,10.3,1.1,0.4,0.3,0.3,0.2,0.5,0.2,0.1
S180,0.2,0.3,0.1,0.2,0.2,0.2,0.3,0.4,0.2,0.0,0.5,0.1,0.2,0.3,0.2,0.2,0.2,0.2,0.1,0.7,0.4,0.2,0.2,0.5
S181,0.5,0.1,0.2,0.3,0.3,0.3,0.1,0.0,0.4,0.6,0.7,0.6,25.5,25.2,0.1,0.8,0.4,0.3,0.4,0.4,0.2,0.2,0.2,0.2
S182,0.3,0.1,1.5,1.2,0.0,0.0,3.2,0.2,0.3,1.0,0.3,0.5,0.1,0.1,0.4,0.1,0.4,0.2,3.2,0.1,0.0,2.2,1.4,3.1
S183,0.3,0.0,0.4,0.5,0.3,0.3,89.2,80.2,0.3,0.1,146.2,0.4,0.2,80.3,161.3,80.7,0.4,81.6,75.6,0.4,0.1,80.1,0.1,0.4
S184,0.0,0.3,0.0,0.4,0.0,0.1,0.0,0.1,0.1,0.1,0.8,0.3,0.7,0.5,1.1,0.1,1.7,1.0,0.2,0.2,0.2,0.5,50.1,0.2
S185,0.2,0.2,0.2,0.6,0.3,0.4,0.1,0.1,0.3,0.5,39.4,0.7,0.8,0.6,0.8,0.4,1.3,0.5,0.4,0.5,0.4,0.5,0.4,0.2
S186,1.6,0.1,1.7,0.1,2.6,0.1,2.1,0.1,61.6,0.4,56.6,0.3,59.3,0.1,58.8,1.2,3.4,0.2,3.2,0.0,2.4,0.1,2.2,0.1
S187,0.1,0.1,0.1,0.4,0.6,0.5,0.3,0.2,0.4,0.8,0.9,0.6,1.7,0.6,2.9,0.5,0.9,0.5,0.1,2.2,0.3,0.8,0.3,0.2
S188,0.0,0.1,0.1,0.0,0.0,0.0,0.0,0.0,0.2,1.0,0.5,0.4,0.0,0.5,0.2,0.2,0.1,0.1,0.2,0.1,0.0,0.3,0.1,0.1
S189,35.0,27.1,42.0,33.0,40.2,41.0,39.1,36.0,38.1,38.6,43.1,39.2,58.0,44.5,37.0,30.1,36.5,27.3,28.2,27.0,29.1,34.5,33.1,32.0
S190,0.3,0.2,0.2,0.1,0.0,0.0,0.0,0.2,0.0,2.0,0.2,2.8,0.0,1.1,0.0,0.1,0.1,0.0,0.1,0.1,0.0,0.0,0.0,0.0
S191,1.9,0.0,1.8,0.0,2.3,0.2,2.1,0.2,1.7,0.6,76.7,0.5,2.5,0.0,2.6,152.5,2.3,0.1,2.7,0.1,2.7,80.0,133.9,0.2
S192,0.5,0.1,0.2,0.1,0.3,0.1,0.1,0.2,0.2,0.4,15.3,0.2,0.9,13.8,0.5,24.3,10.7,0.7,0.3,0.2,0.2,13.1,0.2,0.2
S193,0.1,0.0,0.0,0.0,0.0,0.1,0.0,0.1,0.7,0.9,0.6,0.9,0.7,0.9,0.3,0.4,1.3,0.2,0.1,0.0,0.5,0.5,0.0,0.1
S194,376.0,387.0,446.0,432.0,490.0,513.0,415.0,431.0,473.0,427.0,386.0,395.0,420.0,449.0,440.0,408.0,407.0,418.0,399.0,390.0,365.0,398.0,425.0,448.0
S195,0.2,0.1,0.1,30.0,0.1,0.1,25.0,0.3,0.1,10.2,25.5,29.7,0.6,0.0,0.4,0.3,1.0,0.1,0.1,0.0,26.6,0.1,0.1,0.1
S196,0.0,0.2,0.0,0.2,0.1,0.2,0.2,0.1,0.1,0.5,0.8,0.1,0.2,0.2,0.6,0.2,0.6,0.1,0.3,0.2,0.0,0.3,0.1,0.6
S197,2.6,0.0,2.0,0.0,3.1,0.2,31.6,0.0,1.6,0.4,1.9,0.6,1.6,0.0,3.0,1.1,2.7,0.1,1.9,0.2,2.1,0.1,1.9,0.0
S198,0.3,0.3,0.2,0.1,0.5,0.1,0.0,0.3,0.5,0.8,2.9,0.7,1.2,3.3,16.2,0.4,1.2,0.6,0.2,0.2,0.5,0.3,15.3,0.4
S199,0.7,0.0,1.0,2.5,0.2,0.1,0.0,0.2,0.0,0.9,34.3,0.4,0.2,0.3,0.1,27.7,0.1,0.2,40.1,0.0,0.0,41.0,1.6,2.2
S200,0.3,0.3,0.4,0.2,0.1,0.1,0.0,0.4,0.2,0.4,12.8,0.8,1.0,0.6,0.5,11.3,1.1,24.2,0.2,21.3,10.1,0.2,10.2,0.2
S201,15.0,0.1,0.2,40.0,0.1,0.0,2135.0,3000.1,3002.1,3000.1,280.0,3000.0,3200.0,3353.1,126.0,3264.1,2249.0,242.0,857.0,460.0,1013.0,3008.0,2282.0,343.0
S202,2.3,0.0,2.5,0.0,3.2,0.0,2.2,0.0,2.3,0.3,1.8,0.6,2.6,0.0,3.2,0.6,2.7,40.1,46.1,0.1,2.0,0.1,2.4,0.1
S203,0.1,0.0,0.4,0.4,0.2,0.1,0.1,0.1,0.0,0.2,0.1,0.4,0.0,0.0,0.1,0.0,0.3,0.3,0.1,0.0,0.3,0.0,0.1,0.1
S204,0.1,0.0,0.3,0.0,0.1,0.1,0.2,0.0,0.1,0.0,0.1,0.1,1.0,3.0,0.2,5.0,0.3,0.1,0.1,0.8,0.0,0.1,0.2,0.0
S205,0.1,0.2,0.3,0.2,0.0,0.3,0.1,0.1,0.3,0.5,15.5,0.7,0.9,0.9,0.5,0.3,1.1,0.8,10.4,0.5,0.2,0.3,0.3,0.1
S206,0.0,0.0,0.0,0.0,0.0,0.0,0.0,0.0,0.0,0.1,0.0,0.3,0.3,0.1,0.3,0.0,0.9,0.2,0.0,0.1,0.0,0.0,0.0,0.0
S207,0.2,0.1,0.2,4.4,0.4,0.4,6.1,0.1,0.3,0.6,7.0,3.3,1.4,0.5,2.1,7.0,6.7,1.5,0.1,6.9,0.6,5.2,0.3,0.2
S208,68.0,66.0,70.1,118.0,31.2,19.1,77.1,14.1,76.4,14.2,13.1,74.8,74.2,55.2,60.4,56.2,56.2,63.7,47.2,102.3,107.0,70.1,77.1,77.1
S209,0.2,0.2,0.1,0.2,0.2,0.0,4.6,0.3,4.7,0.9,0.7,1.5,0.4,2.0,5.7,0.9,2.4,0.4,0.1,1.1,0.3,0.2,0.1,0.3
S210,144.0,38.0,1.4,220.4,0.7,1.0,0.8,244.0,37.6,184.3,349.5,156.7,233.5,71.2,211.8,151.7,130.1,58.4,206.8,264.8,105.3,192.1,224.0,232.2
S211,0.1,0.0,0.0,0.0,0.4,0.8,0.1,0.8,0.3,0.3,25.7,0.3,0.2,0.3,0.3,0.0,0.7,0.4,0.1,0.1,0.3,0.1,0.3,0.3
S212,0.1,0.2,0.4,0.2,0.0,0.3,0.0,0.2,0.2,0.8,0.4,0.8,0.5,0.1,0.2,27.8,0.7,0.4,0.2,0.2,12.4,30.2,0.9,21.3
S213,0.9,0.9,0.6,1.2,0.7,1.0,1.0,0.5,0.7,0.8,0.9,0.6,0.7,0.6,0.8,0.8,0.7,0.9,0.6,0.7,0.9,0.7,0.9,0.6
S214,0.6,0.6,0.3,4.7,0.2,0.5,0.7,0.5,0.5,0.5,0.2,0.5,0.5,0.4,0.4,0.3,0.3,0.2,0.6,10.3,0.3,0.5,30.5,0.2
S215,1.3,0.3,0.3,3.7,0.3,0.3,10.0,0.4,0.2,0.4,33.1,10.2,0.1,10.2,0.3,0.5,2.5,10.5,0.7,10.6,10.3,0.2,0.4,10.1
S216,2.7,0.1,3.8,0.3,2.7,0.4,2.6,0.0,2.6,0.7,2.8,0.3,3.2,0.1,3.6,0.6,3.2,0.4,1.8,0.7,2.9,0.2,2.3,0.1
S217,0.0,9.8,3.9,0.2,0.2,0.1,0.1,0.1,0.3,0.0,0.2,1.6,0.1,2.0,0.0,0.0,0.0,0.2,0.0,0.0,0.1,0.2,0.0,0.2
S218,96.0,26.0,100.0,28.0,128.0,37.0,90.0,38.0,102.0,28.0,70.0,25.0,93.0,33.0,94.0,28.0,92.0,29.0,83.0,27.0,78.0,28.0,89.0,32.0
S219,0.1,30.0,0.0,0.0,0.0,0.1,0.0,0.0,0.0,0.2,0.1,0.5,0.2,0.1,0.2,0.2,0.1,0.1,0.3,0.3,0.4,0.3,0.5,0.2
S220,0.1,0.1,0.3,0.1,0.2,0.1,0.0,0.2,0.1,0.7,12.7,0.9,1.0,20.3,0.9,21.6,1.3,0.4,0.3,0.1,0.1,0.2,0.3,0.3
S221,1.9,0.2,2.4,0.1,3.2,0.1,2.2,0.0,1.9,0.2,2.2,0.4,2.9,0.1,3.1,0.6,2.1,0.1,2.6,0.1,1.8,0.1,1.1,0.1
S222,0.1,20.1,0.2,18.7,0.0,0.1,0.1,0.0,0.0,0.1,20.2,0.3,0.3,15.8,0.5,18.4,0.8,0.2,0.4,0.1,15.3,0.0,0.1,10.0
S223,0.0,0.0,0.2,0.2,0.1,0.0,20.2,0.2,0.0,0.0,0.2,0.6,0.3,0.1,0.4,0.3,0.7,0.2,0.2,0.2,0.2,0.1,0.0,0.0
S224,0.5,0.3,0.5,0.6,0.7,0.6,16.3,0.4,0.6,0.4,0.3,0.4,0.0,0.6,0.7,0.3,0.7,0.7,0.5,0.8,1.2,1.5,0.3,0.5
S225,0.0,0.0,0.0,0.0,0.0,0.0,0.0,0.0,0.1,0.0,0.3,1.0,0.1,0.0,0.4,0.2,0.2,0.3,0.1,0.0,0.1,0.0,0.0,0.0
S226,0.7,0.2,1.6,2.1,1.1,0.0,4.3,0.2,0.2,1.7,0.3,0.4,0.5,0.1,0.3,0.2,0.5,1.1,0.2,0.2,0.3,1.2,2.2,5.3
S227,0.1,0.0,0.2,10.8,0.0,0.0,0.2,0.0,0.0,1.6,0.8,1.1,11.4,10.2,1.3,3.2,1.0,1.3,0.0,0.3,0.0,0.1,0.0,0.0
S228,0.3,1.0,0.1,0.1,0.1,0.4,85.1,40.2,44.3,0.4,0.9,2.8,0.5,0.2,1.8,0.4,40.2,2.0,44.3,40.0,40.1,0.0,0.1,40.3
S229,1881.0,1153.0,1100.0,1009.0,1092.0,1257.0,1433.0,1574.0,1766.0,1591.0,1591.5,1708.0,2496.0,1556.0,1253.0,1263.0,1236.0,1234.0,1772.0,1475.0,1990.0,1720.0,1484.0,1354.0
S230,0.1,0.0,0.0,0.0,0.0,0.0,0.1,0.0,0.2,0.2,0.3,0.3,0.9,0.3,0.6,0.1,0.6,0.3,0.1,0.0,51.2,53.2,50.1,0.0
S231,0.0,0.2,0.3,0.1,0.3,0.2,85.3,0.4,45.0,40.3,76.0,0.6,0.3,0.4,0.8,46.0,0.9,41.5,0.5,0.3,0.4,40.5,40.1,0.2
S232,1.2,0.1,1.1,1.4,0.0,0.1,0.0,0.1,0.4,1.6,0.3,0.4,0.2,0.0,0.1,0.2,0.1,0.0,0.1,0.1,2.0,0.7,1.2,2.4
S233,7.1,0.3,0.2,0.1,0.1,3.2,0.9,0.3,1.8,0.2,0.1,2.5,1.4,0.1,0.5,0.4,0.1,0.7,0.9,0.3,0.3,0.1,0.2,0.3
S234,0.3,0.7,0.6,0.2,0.2,0.4,0.6,0.3,0.3,0.5,60.5,0.7,0.3,21.7,50.7,29.4,30.5,74.8,0.4,28.5,30.6,0.5,28.4,0.3
S235,0.2,0.0,0.0,0.1,0.0,0.0,0.1,0.0,0.1,0.2,0.3,0.6,0.7,1.1,9.9,8.0,1.0,1.2,7.2,0.0,0.1,0.0,0.0,0.0
S236,0.1,0.0,0.1,0.1,0.1,0.1,0.1,0.0,0.1,0.2,0.0,0.3,0.1,0.1,0.5,0.1,0.6,0.4,0.1,0.0,0.0,0.1,0.0,0.0
S237,1.8,0.1,1.3,0.0,1.7,0.0,1.5,0.1,2.6,1.1,1.8,0.1,2.2,0.8,2.8,0.2,2.6,0.1,1.7,0.0,1.3,0.0,1.5,0.0
S238,0.1,0.2,0.2,4.1,0.4,0.4,34.2,0.1,4.1,0.3,31.0,6.1,0.3,4.1,0.0,0.1,0.2,23.3,0.0,0.4,0.2,0.3,23.0,0.3
S239,3.1,0.2,3.1,0.0,2.8,0.1,21.1,0.2,2.1,0.3,2.0,0.4,3.2,0.4,3.3,0.7,2.1,0.4,1.8,0.3,2.1,0.1,2.2,0.4
S240,0.2,0.2,0.0,0.2,0.3,0.3,0.3,0.1,0.2,0.2,0.1,0.2,0.5,0.1,0.6,2.8,1.1,0.5,0.5,0.4,0.5,0.3,0.1,0.3
S241,0.5,0.0,0.1,0.3,0.2,0.3,0.1,0.4,0.1,0.3,0.0,0.7,30.5,0.2,0.6,0.0,0.6,0.7,0.3,0.1,0.3,0.3,30.1,0.3
S242,0.2,0.1,0.1,0.2,0.1,0.1,0.1,0.3,0.2,1.3,25.7,0.5,0.6,0.4,1.0,0.1,0.9,10.4,1.4,0.5,0.2,0.6,0.1,15.1
S243,0.3,0.4,0.3,0.2,0.3,0.2,0.2,0.4,0.4,0.7,0.9,0.6,0.8,1.3,1.2,0.4,1.8,0.8,0.4,0.2,0.2,0.4,0.1,0.5
S244,73.0,22.0,20.7,16.5,15.9,23.0,81.0,46.0,69.0,65.0,65.0,85.0,104.0,81.0,88.0,80.0,80.0,84.0,98.0,96.0,104.0,108.0,104.0,91.0
S245,2.3,1.4,0.9,1.0,0.6,1.5,6.6,0.7,1.0,0.7,0.6,0.3,0.9,0.5,1.0,0.4,0.7,0.7,0.9,9.3,7.5,8.6,0.8,8.7
S246,2.6,1.6,0.5,100.1,0.2,0.4,0.1,100.0,0.3,0.1,110.2,210.1,100.2,110.1,100.0,100.1,0.1,210.1,0.3,0.3,0.2,0.4,112.5,100.2
S247,217.0,216.0,236.0,241.0,272.0,282.0,224.0,232.0,258.0,243.0,205.0,214.0,239.0,240.0,244.0,237.0,225.0,229.0,214.0,218.0,203.0,224.0,240.0,247.0
S248,1.2,0.2,0.4,8.2,0.3,0.3,8.0,0.2,0.3,0.6,8.9,8.6,0.7,0.7,1.2,0.3,0.9,1.0,0.4,0.2,8.4,0.3,0.2,0.2
S249,0.2,0.2,0.2,6.9,0.1,0.1,0.0,0.1,5.2,0.6,7.7,0.9,0.2,0.6,0.7,10.2,1.2,0.3,0.3,0.3,0.1,0.0,0.1,0.3
S250,0.0,0.1,0.0,0.0,0.0,0.1,0.0,0.1,0.1,0.4,0.5,0.2,0.1,0.0,0.0,0.4,0.1,0.1,0.1,0.5,0.0,0.0,0.2,62.5
S251,0.6,0.0,0.3,0.1,0.3,0.4,50.1,0.3,0.2,0.3,2.1,0.5,50.2,50.2,0.3,0.5,0.1,0.2,0.2,0.2,51.1,0.2,0.2,0.1
S252,0.2,0.1,0.1,0.1,0.1,0.0,0.0,0.1,0.4,0.4,0.6,0.7,45.5,0.4,1.5,0.2,1.1,0.3,50.4,0.1,45.1,0.4,0.0,0.0
S253,0.0,0.7,0.0,0.2,0.1,0.1,0.0,0.1,0.4,0.6,1.3,0.9,1.5,2.0,1.7,2.4,2.3,0.3,1.1,0.7,0.4,0.4,0.2,0.4
S254,0.2,0.1,1.8,2.4,0.0,0.0,0.3,0.1,0.1,1.3,0.3,0.3,0.1,0.2,0.3,0.2,0.1,0.2,0.0,0.1,0.0,2.2,2.5,2.5
S255,0.1,0.1,0.1,0.2,0.0,0.1,0.0,0.1,0.0,0.1,0.1,0.6,0.4,0.1,0.8,0.2,1.0,0.4,0.1,0.0,0.1,0.0,0.2,0.0
S256,2.9,0.8,1.6,3.3,3.1,1.3,2.5,1.3,1.2,1.3,1.1,1.9,0.7,0.8,1.5,1.0,1.5,1.5,1.2,1.7,1.5,1.1,0.8,1.8
S257,0.2,0.2,0.0,0.0,0.2,0.2,6.2,0.0,0.2,0.1,1.7,0.5,0.4,1.7,0.4,0.1,1.3,0.4,0.3,0.0,0.3,0.3,0.1,0.2
S258,3.5,0.3,2.4,0.3,3.0,0.1,2.4,0.1,3.0,0.1,2.1,0.4,2.8,0.2,4.4,1.0,4.2,0.3,2.2,0.2,25.7,0.1,2.6,0.2
S259,0.1,0.0,0.1,0.1,0.2,0.0,0.1,0.1,0.2,0.2,0.7,0.8,0.9,0.5,0.5,8.2,1.2,0.6,0.4,0.1,0.1,0.4,0.1,0.2
S260,1.0,1.0,0.8,0.5,1.3,1.3,0.8,0.9,1.2,0.8,0.1,0.8,0.7,0.8,0.3,40.5,0.5,0.5,0.8,0.7,0.5,0.6,0.8,0.7
S261,0.5,0.0,0.0,0.1,0.0,0.1,0.4,0.2,0.4,1.0,18.7,0.2,1.0,42.7,41.5,0.1,1.4,0.3,0.4,0.2,0.3,0.1,0.1,20.2
S262,0.1,0.3,0.3,0.3,0.0,0.3,0.0,0.2,0.1,0.1,10.2,20.2,0.7,0.3,0.5,0.5,1.0,0.2,19.9,10.2,8.1,10.1,0.0,0.2
S263,2.3,0.3,2.9,4.6,2.9,0.2,1.9,0.0,2.6,0.7,2.7,4.1,3.4,0.2,3.0,0.5,3.6,0.1,2.2,0.3,2.5,0.2,1.7,4.3
S264,0.0,0.0,0.0,0.1,0.1,0.0,0.0,0.0,0.0,0.1,2.0,0.1,0.0,0.0,0.0,0.0,0.4,0.0,0.0,0.0,0.0,0.1,0.0,0.0
S265,3.1,0.4,7.7,0.4,0.2,0.4,0.5,0.3,0.1,0.1,10.6,0.2,0.4,10.2,10.0,0.3,0.4,10.3,0.5,0.6,0.2,0.3,0.2,0.4
S266,19.0,20.0,21.0,21.0,26.0,31.0,20.0,21.0,27.0,23.0,20.0,21.0,25.0,26.0,26.0,25.0,24.0,23.0,23.0,24.0,24.0,24.0,25.0,23.0
S267,0.8,0.4,2.7,0.0,0.6,0.6,0.4,0.3,0.6,0.3,0.3,0.3,0.6,0.4,0.6,36.4,0.1,0.0,0.4,0.2,23.3,0.6,0.2,0.4
S268,531.0,563.0,610.0,619.0,625.0,651.0,505.0,530.0,543.0,532.0,472.0,492.0,531.0,551.0,554.0,517.0,526.0,509.0,514.0,498.0,466.0,496.0,541.0,561.0
S269,0.5,0.6,0.8,0.4,1.2,0.7,0.6,0.9,0.7,0.6,12.6,0.8,0.9,0.7,1.1,0.9,0.9,0.9,11.0,0.4,44.4,0.6,0.8,0.8
S270,0.4,0.1,3.4,0.6,0.1,0.6,0.1,0.3,0.2,0.5,0.3,0.0,0.1,0.3,0.1,0.3,0.4,0.3,0.1,0.2,0.3,0.3,0.1,0.0
S271,5.1,0.3,0.0,0.1,0.0,0.3,0.1,0.1,1.2,0.4,5.1,1.1,0.1,1.3,1.6,2.9,4.9,5.4,1.0,0.7,0.1,0.2,0.1,0.0
S272,0.0,0.1,0.0,0.0,0.0,0.0,0.0,0.0,0.0,0.0,30.1,0.4,0.5,0.1,0.6,0.1,0.3,0.4,0.1,0.0,0.0,0.0,0.1,0.0
S273,9.0,3.0,2.9,1.6,1.8,2.8,5.0,14.0,30.0,47.2,45.1,42.3,35.5,40.0,118.0,102.1,142.2,89.1,119.2,56.0,49.0,47.0,43.0,29.0
S274,0.1,0.0,0.0,0.0,0.2,0.0,0.1,0.0,0.1,0.2,0.6,0.5,1.1,0.4,11.0,0.7,1.3,0.7,0.2,0.0,0.0,0.3,0.3,0.1
S275,589.0,574.0,663.0,669.0,806.0,801.0,615.0,665.0,724.0,653.0,618.0,643.0,661.0,708.0,686.0,626.0,649.0,645.0,657.0,581.0,590.0,590.0,674.0,728.0
S276,2.4,0.2,0.3,0.0,0.6,0.3,0.3,0.4,2.2,0.5,0.6,35.9,0.7,0.7,0.4,0.4,0.9,24.7,0.3,0.4,0.1,0.2,0.3,0.2
S277,2.7,0.4,0.6,4.3,0.1,0.3,0.2,0.3,0.2,0.2,20.4,0.4,0.4,20.7,20.3,18.2,19.2,0.5,0.4,0.1,38.3,0.3,0.3,20.1
S278,0.1,0.1,0.4,0.2,0.4,1.7,0.4,0.4,0.2,0.9,0.7,1.0,1.3,0.7,1.3,0.4,0.7,0.6,0.2,0.4,0.3,0.4,30.0,0.3
S279,0.1,0.1,0.1,0.1,0.0,0.0,0.0,0.0,0.2,0.5,1.2,20.4,0.6,0.4,1.1,0.5,1.7,0.6,0.3,0.1,0.2,0.2,0.0,0.0
S280,1.1,0.1,1.0,0.4,0.7,0.0,0.6,0.2,1.2,0.5,0.6,0.7,0.7,0.1,1.8,0.2,2.0,0.4,22.5,0.3,25.0,26.0,0.4,0.2
S281,0.9,0.1,0.0,0.0,0.1,0.1,0.3,0.0,1.5,0.3,0.1,0.2,0.4,0.3,0.6,0.4,0.3,0.4,0.1,0.1,0.1,0.4,0.0,0.2
S282,328.1,211.0,159.0,133.0,149.0,250.0,382.0,530.0,622.0,678.0,649.0,725.0,868.0,900.0,854.0,842.0,882.0,980.0,1142.0,1307.0,1222.0,1277.0,1060.0,703.0
S283,0.3,0.5,0.1,0.0,0.3,0.2,0.0,0.2,0.2,0.4,0.1,2.3,0.5,2.2,0.5,0.3,1.3,0.8,0.4,0.4,0.1,0.3,0.4,1.1
S284,86.0,47.5,133.0,143.0,125.0,184.0,235.0,162.0,179.0,290.0,217.0,209.0,231.0,227.0,281.0,295.0,276.0,226.0,173.0,308.0,212.0,111.0,97.0,104.0
S285,1.8,0.1,0.2,45.6,0.2,0.1,52.3,0.2,0.1,45.4,85.8,0.4,0.4,106.0,0.8,40.5,0.2,40.3,80.5,100.3,0.4,15.1,45.1,0.4
S286,0.1,0.1,0.1,0.0,0.0,0.0,0.0,0.0,0.1,0.3,1.2,0.5,0.2,0.3,0.6,0.2,1.0,0.2,0.3,0.3,0.1,0.2,0.1,0.1
S287,0.4,0.0,0.3,0.0,0.4,0.2,3.1,0.4,13.1,0.1,10.1,0.1,0.2,20.3,10.3,0.2,0.1,0.5,0.2,1.3,9.1,3.1,0.1,10.2
S288,0.1,0.1,0.1,0.0,0.2,0.2,0.0,0.2,0.0,0.7,0.0,0.9,0.0,0.3,0.1,0.1,0.7,0.1,0.2,0.1,0.2,0.0,0.1,0.2
S289,0.2,0.1,0.2,0.3,0.3,0.2,0.1,0.0,0.1,0.1,10.1,0.7,0.1,0.2,0.7,1.0,0.7,0.5,0.2,50.1,0.2,0.4,52.4,0.5
S290,0.2,0.2,0.2,0.2,0.3,0.3,120.5,0.4,0.2,0.3,60.4,0.4,61.2,0.0,0.9,0.5,0.6,50.3,0.1,0.1,0.3,0.3,0.3,0.4
S291,257.5,0.1,2.4,56.1,365.4,7.1,110.9,5.6,11.7,3.2,72.8,3.5,131.0,2.3,7.1,54.1,65.6,3.3,6.7,3.2,114.5,3.0,7.1,52.4
S292,47.0,53.1,45.3,33.1,77.2,59.1,66.0,63.1,120.1,57.1,68.0,11.0,9.1,63.1,48.2,15.0,22.0,43.3,24.1,26.0,54.7,33.2,33.1,34.3
S293,0.5,14.8,0.4,0.1,0.0,0.1,0.2,0.2,0.5,13.2,0.2,0.3,16.3,0.1,10.1,27.7,0.2,0.3,0.1,15.5,15.2,0.4,0.3,17.2
S294,60.1,64.0,76.0,77.0,86.0,92.0,75.0,75.0,79.0,72.0,68.0,74.0,83.0,86.0,87.0,79.0,70.0,68.0,80.0,73.0,64.0,76.0,81.0,78.0
S295,0.5,0.2,0.5,0.7,0.6,0.2,0.5,15.1,0.3,0.1,40.3,0.4,0.4,0.4,0.3,20.2,0.5,0.3,20.3,0.3,0.3,0.2,0.5,20.1
S296,0.1,0.0,0.2,0.3,0.1,0.1,0.2,0.0,0.1,0.5,0.6,0.6,0.3,0.4,0.4,0.3,0.9,0.6,0.2,0.1,0.4,0.2,0.0,0.1
S297,0.4,0.2,0.2,0.1,0.3,0.2,0.5,0.1,0.3,0.5,0.1,0.7,80.2,0.2,81.1,0.5,80.7,0.3,0.3,0.3,80.2,80.1,0.2,81.2
S298,0.1,0.0,0.0,0.0,0.0,0.0,0.0,0.0,1.1,0.5,0.8,0.1,0.0,0.1,1.1,0.6,0.3,0.0,0.0,0.0,0.0,0.0,0.0,0.1
S299,3.5,0.7,0.8,0.4,0.6,0.5,0.7,0.2,0.6,0.6,12.5,0.4,0.8,0.6,20.3,0.6,0.7,0.5,20.5,10.6,10.7,0.9,12.5,12.6
S300,5.0,0.0,0.1,0.0,0.0,0.0,0.0,0.0,0.0,1.0,10.1,11.0,0.0,0.0,0.0,0.0,0.8,3.0,0.5,0.0,0.0,0.0,6.0,1.0
S301,0.1,0.0,0.0,0.1,0.1,0.1,0.1,0.1,0.1,0.9,0.6,0.4,0.5,0.4,1.3,0.2,1.4,0.4,0.1,0.1,1.1,0.3,0.0,0.0
S302,0.1,0.3,0.1,6.8,0.1,0.5,0.3,13.8,6.3,15.6,20.5,20.6,1.1,0.3,21.1,20.7,1.4,0.5,0.4,0.4,20.2,0.5,0.5,0.3
S303,0.0,0.0,0.0,0.0,0.0,0.1,0.0,0.0,0.1,0.8,0.0,0.0,0.0,0.0,0.2,2.1,0.1,0.0,0.0,0.5,0.1,0.6,0.1,0.6
S304,0.8,0.0,0.2,0.3,0.1,0.2,0.5,0.0,0.3,0.6,1.1,0.5,0.8,0.5,1.2,22.0,1.5,1.1,0.4,0.3,0.7,0.3,0.2,0.6
S305,0.0,0.1,0.0,0.0,0.0,0.0,0.0,0.1,0.0,0.2,0.1,0.5,0.1,0.1,0.2,0.1,0.7,0.2,0.1,0.0,0.0,0.0,0.0,0.0
S306,485.0,370.0,432.0,368.0,447.0,398.0,427.0,410.0,663.0,635.0,641.0,545.0,596.0,549.0,645.0,568.0,626.0,531.0,552.0,517.0,553.0,501.0,598.0,511.0
S307,0.1,2.7,3.7,945.0,233.0,7175.0,13.6,705.8,4.9,3.3,2.3,201.6,1.0,0.7,0.8,0.9,1.1,0.4,0.6,0.4,1.1,0.3,900.0,0.0
S308,480.0,469.0,1190.0,536.0,573.0,617.0,1884.8,1171.0,594.0,577.0,527.0,755.0,518.0,514.0,1276.0,541.0,560.0,516.0,1177.0,598.0,471.0,493.0,464.0,2126.0
S309,0.1,60.1,0.1,0.0,0.0,0.2,0.1,0.0,0.1,50.1,0.1,0.4,0.3,0.1,0.4,0.3,0.9,0.2,0.1,0.0,0.0,0.0,0.0,0.1
S310,1.8,0.2,2.5,0.1,3.1,0.3,2.2,0.1,2.5,0.4,1.7,0.3,2.8,0.2,3.6,0.4,3.0,0.4,2.6,0.2,2.4,0.2,1.7,0.4
S311,0.3,0.3,0.1,0.1,0.3,0.2,0.3,0.4,0.2,0.4,1.0,0.8,1.0,0.4,1.2,8.3,1.0,0.3,0.4,0.3,0.4,0.7,0.0,0.2
S312,3.2,0.0,0.3,0.0,0.2,0.0,0.1,0.0,0.3,0.7,0.8,2.0,0.6,0.3,0.8,0.5,1.0,0.6,0.3,0.6,0.1,0.3,0.2,0.4
S313,1.4,0.0,0.4,9.8,0.0,0.2,0.1,0.2,10.2,6.3,11.5,2.5,9.7,10.7,1.3,7.6,5.8,10.3,1.0,0.2,12.2,0.3,0.2,0.0
S314,2.2,17.0,21.3,38.9,2.6,2.3,11.7,5.4,52.9,5.3,4.4,4.8,4.9,33.6,5.2,4.7,6.2,5.6,30.9,3.9,3.7,3.3,4.8,32.4
S315,0.1,0.1,0.0,0.0,0.0,0.0,0.0,0.0,1.0,0.2,0.1,0.2,0.1,0.3,0.6,0.7,0.1,40.1,0.3,0.0,0.0,0.0,0.0,0.1
S316,0.3,0.1,0.0,0.0,0.0,0.0,0.1,0.1,0.0,0.3,1.2,0.8,0.7,0.3,0.5,0.4,0.8,0.7,0.4,0.0,0.0,0.1,0.1,0.1
S317,0.3,0.2,0.3,0.4,1.0,0.4,0.7,0.3,0.1,0.5,0.4,0.3,0.2,0.4,0.3,0.3,0.4,0.3,0.7,0.4,0.5,0.3,22.2,0.2
S318,4.5,3.6,0.9,0.4,0.4,0.6,3.6,0.3,0.4,0.6,0.9,0.2,4.3,0.6,0.8,0.9,0.5,0.5,3.9,0.6,0.5,0.1,0.6,0.2
S319,0.3,0.1,0.3,0.3,0.1,0.3,45.2,0.2,0.3,0.8,0.2,0.3,1.4,0.2,0.8,0.4,1.2,0.7,0.3,0.3,44.3,0.4,45.1,0.4
S320,0.4,0.1,0.2,6.4,0.0,0.4,0.1,0.4,0.1,0.4,0.4,0.2,0.1,0.0,1.1,0.8,0.1,5.1,5.2,5.4,0.3,0.5,0.6,5.2
S321,0.0,0.0,0.0,0.0,0.1,0.0,0.0,0.0,0.0,0.0,0.1,0.1,0.0,0.0,0.1,1.0,0.1,0.0,0.0,1.1,0.0,0.0,0.2,0.2
S322,0.2,0.4,0.3,0.1,0.1,0.0,0.2,0.2,0.4,0.4,1.1,1.3,0.8,0.3,0.9,0.0,0.7,0.5,0.3,0.4,9.2,0.5,0.1,0.2
S323,0.1,0.0,0.1,0.1,0.1,0.1,0.0,0.0,0.1,0.1,0.1,0.4,0.1,0.0,1.0,0.4,0.2,0.3,0.1,0.0,45.0,89.6,0.0,0.0
S324,2.0,0.0,2.6,0.3,2.5,0.0,2.3,0.0,2.6,0.2,2.3,0.3,2.9,0.2,3.4,0.8,3.2,0.2,2.9,0.2,2.0,0.2,2.6,0.2
S325,0.1,0.1,0.1,11.0,0.3,0.3,0.0,0.4,10.0,1.0,10.9,0.8,1.2,0.2,0.6,0.5,0.8,5.7,5.1,0.2,0.2,0.4,0.1,0.1
S326,0.2,0.3,0.0,0.1,0.3,0.3,0.2,0.1,0.2,2.0,40.4,1.7,0.0,71.4,0.6,0.7,1.3,0.7,0.2,0.2,0.4,0.2,0.1,0.1
S327,0.0,0.1,0.2,2.6,0.0,0.0,0.0,0.0,0.1,0.2,0.0,0.5,0.4,0.1,0.7,0.5,0.7,0.4,0.1,0.0,0.1,0.0,0.0,0.0
S328,0.3,0.3,0.2,0.1,0.1,0.0,0.2,0.1,0.1,0.0,0.2,0.1,0.4,0.3,0.1,0.3,1.1,1.1,0.3,0.0,0.1,0.0,0.2,0.0
S329,571.0,595.0,716.0,667.0,757.0,777.0,632.0,676.0,693.0,668.0,574.0,554.0,688.0,695.0,686.0,664.0,669.0,632.0,632.0,614.0,563.0,609.0,612.0,691.0
S330,503.0,397.0,577.0,475.0,650.0,569.0,590.0,1374.0,589.0,1422.0,533.0,507.0,515.0,551.0,495.0,641.0,479.0,1142.0,473.0,551.0,477.0,896.0,539.0,2353.0
S331,0.4,0.5,2.7,0.3,0.6,0.2,0.2,0.2,0.5,0.1,0.2,0.5,0.2,0.2,0.2,12.1,0.3,0.1,0.3,0.3,0.2,0.4,0.5,0.8
S332,0.1,0.0,0.0,0.0,0.0,0.1,0.1,0.1,0.2,0.8,0.4,0.8,1.1,12.6,12.4,5.7,1.5,0.7,0.2,1.0,0.4,0.2,0.0,0.0
S333,0.7,0.7,0.7,0.7,0.6,1.1,50.3,0.3,0.4,1.7,0.8,0.8,0.5,45.3,1.2,0.5,1.5,0.5,0.7,0.9,0.7,0.5,40.8,1.0
S334,0.2,0.4,0.1,0.4,0.2,0.2,0.2,0.1,0.5,20.3,35.6,15.5,0.1,0.2,18.3,22.1,0.3,45.0,0.4,0.3,40.2,20.2,0.2,0.2
S335,0.6,0.2,0.3,0.2,0.3,0.2,200.1,0.1,0.2,1.1,0.5,180.7,120.1,0.2,0.9,0.1,0.0,0.0,0.2,0.2,180.2,0.2,200.3,310.3
S336,0.6,0.1,1.3,1.5,0.3,0.1,0.0,0.2,0.0,0.9,0.3,0.4,0.1,0.1,0.3,0.3,0.3,0.2,0.0,0.0,0.0,1.4,2.1,2.3
S337,0.0,0.0,0.1,0.0,0.0,0.0,0.0,0.0,0.1,0.6,0.5,0.5,0.1,0.0,0.3,0.4,0.6,0.1,0.2,0.0,0.0,0.1,0.0,0.0
S338,1534.2,0.0,0.0,1416.0,0.0,207.8,2.4,206.4,6.1,3.0,2.3,202.0,3.9,3.5,3.1,3.6,2.6,2.3,2.8,2.7,202.1,3.3,3.7,3.4
S339,0.2,0.3,0.3,0.7,0.3,0.2,0.2,0.3,0.5,0.3,0.3,0.3,0.2,0.2,0.1,0.3,0.2,0.1,50.4,0.4,0.7,0.2,0.1,0.5
S340,573.0,651.0,735.0,795.0,867.0,876.0,683.0,785.0,832.0,747.0,624.0,660.0,725.0,761.0,755.0,733.0,722.0,699.0,695.0,615.0,583.0,626.0,686.0,772.0
S341,0.2,0.3,0.2,0.2,0.2,0.1,0.1,0.2,0.2,0.6,0.8,0.9,50.9,0.4,50.3,0.3,0.8,35.6,0.4,0.3,0.4,0.1,0.1,0.0
S342,0.0,0.0,0.0,0.0,0.0,0.0,0.0,0.0,0.0,1.1,2.4,2.5,0.0,0.0,1.8,0.4,3.3,1.3,1.5,2.3,1.0,0.0,0.0,0.0
S343,0.0,0.5,0.5,0.1,0.4,0.3,0.2,0.1,0.2,0.2,40.1,0.4,0.3,0.3,45.7,0.4,0.9,85.5,0.5,41.2,0.4,0.2,40.0,41.8
S344,0.2,0.1,0.1,0.3,0.5,0.1,0.2,0.1,0.1,0.1,0.4,0.2,0.0,5.1,5.9,3.3,0.3,0.1,4.6,0.2,0.1,0.3,0.1,0.2
S345,0.0,0.0,0.0,0.1,0.1,0.1,0.1,0.0,0.1,2.3,0.2,0.2,0.2,0.3,0.0,0.4,2.1,0.4,0.0,0.1,3.1,0.2,0.1,0.1
S346,89.0,98.0,96.0,140.0,109.0,109.0,88.0,95.0,94.0,91.0,229.0,134.0,87.0,96.0,93.0,92.0,90.0,86.0,90.0,87.0,85.0,98.0,95.0,100.0
S347,0.4,0.1,0.0,0.3,0.1,0.0,0.1,0.0,0.5,0.9,0.4,0.7,0.7,0.3,0.9,0.2,2.6,0.4,0.3,0.8,0.2,0.4,0.1,0.3
S348,5.9,2001.2,0.4,200.3,1.0,0.9,603.2,102.0,1575.5,703.0,339.0,842.0,101.1,161.0,287.0,284.0,191.0,1219.0,6578.0,1347.0,56.0,55.0,41.1,16.3
S349,0.0,0.0,0.0,0.0,0.0,0.1,0.3,0.0,0.3,0.6,0.5,0.3,0.0,0.0,0.5,0.2,0.6,0.1,0.2,0.5,0.1,0.3,0.0,0.2
S350,0.5,0.2,0.2,0.2,0.2,0.7,0.3,0.0,0.2,1.0,40.4,0.6,0.1,20.2,5.4,0.2,0.5,20.1,0.3,30.3,0.2,0.5,0.5,0.5
S351,0.3,0.1,0.0,0.2,0.0,0.0,0.3,0.2,0.2,0.1,0.0,0.3,0.2,0.1,0.1,0.2,0.2,0.3,0.2,0.1,0.3,0.2,0.2,0.1
S352,326.0,317.0,375.0,354.0,409.0,423.0,330.0,340.0,386.0,366.0,370.0,364.0,395.0,462.0,441.0,444.0,422.0,367.0,346.0,336.0,318.0,331.0,350.0,358.0
S353,0.0,0.2,0.0,0.0,0.2,0.0,0.0,0.0,0.0,0.2,0.2,0.7,1.0,0.6,0.7,0.2,1.0,0.4,0.0,0.1,0.3,0.1,0.0,0.0
S354,0.2,0.2,0.1,30.0,0.0,0.2,30.4,0.0,0.1,0.4,30.9,1.1,29.2,29.3,0.6,28.2,1.2,10.4,0.1,40.6,0.2,0.2,0.2,0.2
S355,0.1,0.2,0.1,0.0,0.0,0.0,0.1,0.0,1.2,0.1,20.2,0.0,0.0,0.2,1.0,15.6,0.1,20.0,0.1,15.6,20.2,0.1,0.0,0.1
S356,396.0,419.0,280.0,142.0,150.0,148.0,163.0,380.0,452.0,481.0,540.0,505.0,747.0,648.0,695.0,679.0,615.0,765.0,730.0,809.0,813.0,818.0,849.0,1037.2
S357,0.1,0.1,0.1,0.0,0.0,0.2,0.0,0.2,0.9,0.8,1.8,1.3,0.5,0.8,3.4,2.7,5.0,0.4,1.0,0.6,0.1,0.0,0.3,0.3
S358,0.0,0.0,0.0,0.0,0.0,0.0,0.1,0.1,0.1,0.1,1.1,0.1,0.0,0.1,0.1,0.0,0.0,0.2,0.0,0.1,0.0,0.1,0.4,0.3
S359,0.1,0.1,0.2,5.1,0.2,0.0,5.0,0.1,0.1,0.6,0.6,0.5,0.8,1.3,1.0,0.3,1.4,0.5,0.1,0.1,0.2,0.0,0.1,0.1
S360,2.9,0.3,2.1,4.1,2.7,0.6,2.8,0.1,2.8,0.8,4.6,0.7,2.4,0.2,3.4,0.6,3.3,0.3,2.5,0.2,2.4,0.2,2.7,0.6
S361,1217.0,1344.0,1280.0,1427.0,1294.0,1317.0,1215.0,1417.0,1476.0,1723.0,1256.0,1582.0,1362.0,1418.0,1442.0,1321.0,1570.2,1233.0,1406.0,1084.0,1144.0,2103.0,1404.0,1310.0
S362,1.8,0.5,0.1,0.2,0.2,0.5,0.2,0.3,0.1,0.7,0.3,0.3,0.3,0.1,0.3,0.5,0.3,0.2,0.1,0.3,0.3,0.1,0.2,0.1
S363,0.2,0.1,0.2,0.1,0.1,0.2,0.3,0.0,1.7,0.2,0.1,1.0,0.1,2.2,0.7,0.4,0.4,0.2,0.7,0.1,0.2,0.1,0.1,0.2
S364,311.0,79.0,101.0,530.0,207.0,97.0,83.0,85.0,87.0,84.0,76.0,126.0,85.0,84.0,80.0,82.0,84.0,79.0,82.0,74.0,134.0,80.0,85.0,88.0
S365,189.0,354.0,324.0,295.0,180.0,173.0,144.0,137.0,158.0,150.0,128.0,138.0,146.0,163.0,160.0,147.0,148.0,142.0,133.0,129.0,128.0,134.0,150.0,146.0
S366,0.1,0.2,0.3,0.2,0.3,0.2,0.5,0.3,0.1,0.5,0.1,0.2,0.4,0.4,0.4,0.2,0.1,0.3,0.3,0.2,0.1,0.5,0.1,0.3
S367,140.0,45.0,159.0,50.0,191.0,64.0,185.0,100.0,158.0,59.0,128.0,94.0,150.0,58.0,162.0,124.0,200.0,50.0,148.0,46.0,177.0,50.0,167.0,59.0
S368,0.1,0.2,0.0,0.1,0.1,0.1,0.0,0.0,0.0,0.8,0.3,3.2,0.2,1.0,0.1,0.1,0.2,0.7,3.4,0.1,2.0,0.0,0.1,0.1
S369,0.2,0.2,1.5,5.9,0.4,0.3,4.7,0.1,0.2,1.2,21.4,21.3,0.5,41.2,20.1,37.3,0.3,0.2,30.1,0.1,0.1,1.1,20.3,2.3
S370,0.1,0.1,0.0,0.1,0.2,0.0,0.1,0.1,0.3,0.4,30.6,0.4,1.1,0.3,0.6,0.1,0.8,0.4,0.3,0.2,0.2,0.4,0.0,0.1
S371,0.2,45.2,0.4,0.2,0.1,0.1,50.1,0.2,0.5,1.7,0.7,50.2,0.2,0.4,0.5,0.5,100.7,35.3,0.3,0.4,0.2,0.5,0.0,0.2
S372,1.8,20.4,0.5,0.0,0.1,0.1,0.0,0.2,25.1,0.1,0.2,0.0,0.1,0.4,0.0,0.0,0.1,0.0,30.3,0.2,0.0,0.0,0.0,0.1
S373,0.2,0.1,0.2,0.3,0.3,0.1,0.0,0.5,0.3,0.2,15.7,0.8,0.6,12.2,0.4,12.3,0.8,0.7,0.1,0.4,15.3,15.2,0.5,0.1
S374,1.1,1.0,1.0,1.0,3.8,6.8,9.0,15.0,27.0,24.0,15.0,13.0,14.0,20.0,30.0,28.0,16.0,9.8,5.2,2.7,2370.2,1308.9,576.9,361.9
S375,0.2,0.3,0.2,0.0,0.2,0.3,0.1,0.2,0.2,9.6,0.3,0.7,9.1,0.2,9.4,8.4,0.6,0.2,0.2,8.8,0.2,0.3,0.0,0.1
S376,2.5,0.0,2.1,0.0,2.5,0.2,2.0,0.1,2.0,0.3,1.7,0.3,2.7,0.1,2.0,1.1,26.1,0.3,1.9,22.2,2.1,0.2,2.2,0.3
S377,0.1,0.2,0.0,0.4,0.1,0.1,0.2,0.3,0.3,0.2,1.0,0.9,0.5,0.5,1.0,0.0,0.8,0.6,0.5,0.4,0.1,0.2,0.0,0.1
S378,0.3,0.0,0.0,0.1,0.2,0.0,0.1,0.1,0.4,0.1,0.5,1.0,14.2,0.5,0.5,0.4,0.6,1.0,0.4,0.5,0.1,0.3,0.1,0.3
S379,0.0,0.0,0.0,0.0,0.0,0.0,0.1,0.0,0.0,0.2,0.7,1.0,0.3,5.5,0.6,1.3,1.4,0.4,5.1,5.1,0.1,0.1,0.0,0.0
S380,4.3,0.1,0.0,0.1,0.0,0.0,4.1,0.0,3.5,0.3,2.5,0.9,0.8,0.6,0.5,0.0,0.9,80.7,100.3,0.2,0.5,0.2,0.2,0.3
S381,4.0,0.0,0.0,0.0,0.0,0.0,0.0,0.0,0.2,1.1,0.3,0.4,0.0,5.0,1.4,4.0,0.1,2.1,0.0,0.4,0.1,1.2,0.1,0.2
S382,0.1,0.1,0.2,0.0,0.1,0.2,0.0,0.2,0.0,0.1,0.1,0.7,0.1,0.3,0.4,20.2,0.5,0.6,0.3,0.0,0.0,0.1,0.0,0.1
S383,0.4,0.0,2.4,1.6,0.1,0.1,0.0,0.0,0.2,1.2,0.2,0.2,0.1,0.0,0.1,0.2,0.1,0.0,0.1,0.0,0.0,2.4,2.6,2.4
S384,0.2,0.1,0.1,0.2,0.1,0.1,0.1,0.1,0.3,0.6,0.8,0.9,0.0,0.2,0.9,4.4,0.2,0.6,0.3,0.2,0.1,0.1,0.1,0.0
S385,0.3,0.3,0.4,4.7,0.1,0.2,0.3,0.2,4.3,1.6,4.4,0.7,0.4,0.2,5.0,0.3,0.3,0.4,0.4,0.2,0.1,0.2,0.4,0.5
S386,0.1,0.0,0.1,0.0,0.0,0.1,0.1,0.2,0.1,0.3,1.3,0.8,1.1,0.4,1.5,0.5,0.5,1.5,0.8,0.9,0.3,0.0,0.2,0.2
S387,0.2,0.9,0.3,0.4,0.2,0.2,85.7,0.5,0.4,0.3,41.0,0.2,0.3,0.3,0.3,0.4,0.3,40.2,0.5,31.5,0.4,0.1,0.1,0.2
S388,0.0,0.1,5.1,0.5,0.4,0.1,0.6,0.2,0.2,0.1,0.1,40.4,0.1,0.4,0.3,0.2,0.3,0.1,0.2,0.3,0.6,0.4,0.2,0.2
S389,0.2,25.6,0.0,0.1,0.2,0.1,0.1,0.1,20.0,0.2,0.5,1.0,0.6,0.2,0.7,0.3,1.3,0.6,0.1,0.0,0.3,0.1,0.1,0.1
S390,0.0,0.2,0.2,0.1,0.1,0.5,2.0,0.2,0.2,0.0,0.9,1.5,2.1,0.4,0.2,15.5,0.1,0.6,0.1,0.1,0.0,0.2,0.3,0.2
S391,0.4,0.1,0.4,3.1,0.2,0.4,0.3,0.1,0.1,0.7,11.0,10.7,10.9,0.4,28.1,10.0,1.3,0.5,0.2,0.3,0.2,0.2,0.3,10.1
S392,1.8,0.2,2.5,0.1,2.8,0.0,1.8,0.2,2.8,0.3,2.9,0.4,3.0,0.1,3.3,0.8,2.9,0.4,2.4,0.4,2.0,0.1,2.4,0.2
S393,0.0,0.1,0.3,0.2,0.1,0.0,0.0,0.2,0.1,0.1,0.0,0.3,0.2,0.2,0.0,0.1,0.3,0.0,0.0,0.3,0.1,0.1,4.2,0.3
S394,0.2,0.4,0.2,9.2,0.1,0.1,2.0,0.0,0.1,0.1,10.2,20.1,10.3,0.1,0.0,9.2,0.3,12.4,0.2,9.4,0.6,0.1,0.3,0.2
S395,1523.0,0.0,0.0,0.1,0.0,0.0,0.0,601.0,115.1,570.9,372.1,1671.0,501.3,807.8,508.0,295.0,1692.0,1110.0,30.0,96.1,504.3,19.0,67.0,59.9
S396,0.2,0.0,0.5,0.1,0.4,0.4,0.4,0.3,10.4,1.1,10.6,0.5,0.4,34.2,22.2,10.5,0.8,0.4,0.5,0.2,0.4,10.2,0.3,0.2
S397,0.2,0.3,0.0,0.1,0.3,0.4,0.3,0.3,0.3,0.2,0.3,0.1,0.3,0.3,0.2,0.3,0.5,0.1,0.5,0.2,0.2,0.2,0.1,0.3
S398,0.5,0.2,0.0,7.0,0.0,0.0,0.1,0.1,0.0,0.3,0.3,0.8,0.7,0.0,0.6,0.1,8.4,0.4,0.1,0.0,0.1,0.0,0.2,0.0
S399,0.1,0.1,0.1,0.2,0.0,0.0,0.1,0.3,0.3,1.0,0.3,0.7,20.5,0.6,0.7,0.7,1.1,0.3,0.1,0.5,0.1,0.5,0.2,0.1
S400,0.1,0.3,0.0,6.5,0.3,0.2,0.2,0.5,0.5,10.6,12.3,13.2,1.1,0.3,10.1,0.1,10.2,0.2,12.0,0.3,0.3,0.4,0.5,0.4
S401,0.2,0.3,0.0,0.2,0.3,0.0,0.9,0.3,0.2,0.5,0.6,0.5,0.8,0.4,0.8,0.4,1.6,0.7,0.2,0.1,0.3,0.3,10.2,0.2
S402,0.2,0.2,0.3,0.3,0.2,0.5,10.3,0.4,0.0,0.7,0.6,0.2,0.2,22.5,9.3,10.1,0.4,0.3,9.9,8.2,0.0,0.6,10.3,10.1
